X1,X2,X3,Y
10.993428306022466,-0.8019336902419933,1.3248217250256185,19.771588549160825
9.723471397657631,-2.2260989512616938,1.855481329284482,21.62196559943414
11.295377076201385,-4.821108890239477,1.2075800790000386,29.357480444618705
13.046059712816051,-6.940810333116722,1.6920384703609597,40.78632178109586
9.531693250553328,-2.90533005915923,0.10638533304621434,24.566403438826885
9.531726086101639,-3.8195438437347513,2.2132937073729386,22.785792911817502
13.158425631014783,-2.3144203399168033,2.0012054753622244,31.360915993348712
11.534869458305817,-3.0944845949540913,1.1829113689318094,24.971731241845582
9.061051228130095,-1.8513418540419946,2.659245668432405,23.86227104562705
11.08512008717193,-6.605705634681704,2.937570137626558,32.017820364018625
9.073164614375075,-1.0478178030970229,0.39244013563102587,19.648515596606654
9.068540492859487,-4.407201185922801,1.2372752214337859,27.770658626117694
10.48392454313207,1.2257826178757965,1.2308576502127018,16.924105317345756
6.173439510684404,-7.067563454268703,1.0600968988911355,20.47201690221322
6.5501643349739345,0.20789140949574758,2.8294748419317486,12.470135355591763
8.875424941518055,-4.406267649612056,1.8061738612271965,26.978861217860988
7.974337759331153,-6.954254010843345,1.7354851586893894,23.862009931580452
10.628494665190548,-6.4516575021629645,-0.0038623644067534713,25.269005678082376
8.183951848957578,-5.96104192458296,2.6354180302092263,25.197774277034366
7.175392597329417,-3.7275021607942507,0.7607416051465274,21.273742517216007
12.931297537843108,-3.4314935358935013,2.0599326302663283,34.028338668084025
9.548447399026928,-6.721100011815738,2.277376937958192,28.935435172994122
10.135056409375848,-5.0730637767829485,3.3606585958386512,28.065052848445706
7.150503627573086,1.426811075835591,0.6911796008808879,14.675945990168547
8.911234550949635,0.18262951030213426,-1.0195121558208253,13.503187790308978
10.221845179419732,-3.6910289909779035,2.183849544753695,25.85834715836641
7.698012845155395,-4.885989565495399,3.8005111815108537,24.246011172857262
10.751396036691343,-4.639906019845216,3.238946352939437,30.33277245160241
8.79872262016239,-3.15944608180875,2.2096594152746256,21.97989880123853
9.416612500413446,-8.068377695595217,1.5083638143679527,31.457182711941787
8.796586775541206,-5.772129612270035,2.8071225966373103,22.11685004165268
13.704556369017876,-10.005752221632768,1.0264538002955312,41.40918038590587
9.973005550524132,-3.8023306321841623,2.4763577693562193,27.299431805240307
7.884578142088199,-3.058412180891777,2.505470159166627,19.143827534754692
11.645089824206378,-6.449559386898122,3.06020990749888,34.0005501441888
7.5583127000579555,-0.27803971012990125,4.759660038911077,17.855327978589482
10.417727190009511,-8.677296989007024,2.392415967178767,33.88402625196766
6.080659752240448,-9.39312464062946,1.4910363742925012,27.039244919705983
7.3436279022031385,-4.326644544320084,1.9744256878080055,19.84408519665958
10.393722471738247,-1.8587050921635364,0.23092409511088174,23.23155725086297
11.476933159990821,0.0517830743736063,1.3052868689109418,24.48821010827296
10.34273656237994,-6.37665278860682,1.590717561886896,31.041613498173046
9.76870343522352,-1.7639574997061134,1.4759116020654075,21.45305406149796
9.397792608821423,-5.115525408502122,2.152354872033722,27.563012600587733
7.042956019265145,-5.517881899822459,1.1775800676177994,24.145228489822557
8.560311583210582,-2.349020187539983,3.1210306673244714,17.480580090773525
9.078722458080424,-3.043031364759741,2.000207064918197,25.640202212687715
12.11424445243783,-9.729176470952748,1.9906996788613855,38.74695403760106
10.687236579136922,-0.5703789508223132,1.6721052834870822,23.582653036033896
6.473919689274532,-0.8597259375576449,2.155190683858979,17.278479337333682
10.648167938789591,-6.876688104528588,2.8250982646676346,29.715550119311423
9.229835439167367,-3.8125893996877727,1.1328697842890998,23.099533908298028
8.646155999388082,-3.5179094411517835,1.3418835109247433,22.394643822029856
11.223352577681736,-4.217978702528279,1.6962739712233352,27.715048358274032
12.061999044991902,-6.65091546153626,0.6541290765267851,37.76648315691985
11.862560238232398,-7.014870103814155,1.180742140278502,32.888104086615996
8.321564953554724,-5.076662212974336,1.523779126455341,23.60416340553382
9.38157524829757,-1.481812942221906,2.8743891807127273,22.25696472734777
10.662526862807129,-3.369199536216703,2.262561329001925,24.653322376487708
11.951090254244718,-6.111842996258318,2.1935899113675443,32.93666055277465
9.04165152430942,-2.684903868054966,2.850897962167972,23.600834761852035
9.628682046672365,-13.545627861890226,1.8626282116006034,39.46887354089523
7.787330051987944,-1.5537028988836896,2.3904648499288896,18.43558018948019
7.607586751838658,-10.2191413363343,1.8967782470675039,30.054254757402276
11.625051644788396,-6.087322824209396,2.2653623493996284,30.031755612349247
12.712480057141645,-8.359009683878432,1.4172413423884178,39.03183346549594
9.855979756839332,-8.884044427162717,-0.4388171582764291,36.41624715023429
12.007065795784047,-1.5175196378644418,1.8657208378136958,26.886930561275744
10.723272050095268,-6.403103603935675,3.42274813609994,32.52855218141912
8.709760490789751,-3.9604883548078527,2.9262154022415925,25.62356364469748
10.722791211016828,-5.140761736637552,2.9653974845911706,27.507683279273937
13.076073132931938,-3.568877518330636,3.2361307218062176,35.881331076160905
9.928347921780096,-4.769534326819234,2.0886575909614375,28.04225220392308
13.129287311628012,-8.848976672565708,2.1973157074055956,43.45494814250448
4.760509791820511,-2.0111995416585797,1.3823481045656498,11.486457336450608
11.643805008750448,-6.481269749483937,1.6839271439729502,37.150816630034335
10.174094136476343,-9.669745695979254,2.615771149771142,37.187849149922485
9.401985299068265,-6.284345482897738,3.203884437168816,30.297734325338503
10.183521553071005,-0.49772062809706696,1.8605537243190005,22.139839074289608
6.024862170798214,-2.4493347736595212,1.5498107351485884,15.691612486481388
9.560656224324976,-6.0459564032235775,2.000527958856597,31.191468758090043
10.714225143023492,-6.047773112955286,2.6012067489291146,31.56119171985474
12.955788089483033,-5.964905153652148,0.5561451838664582,31.091638057429922
8.963459563452705,1.2302439506825227,-0.29618095313723813,13.75832599152645
8.383012794213625,-3.85419364330534,1.4494631505084166,22.610463494152288
8.996485912830927,-3.709875058426791,0.7792875740858414,24.411568651858904
11.830804235404148,-1.9091496379044735,1.491859802352689,26.85971389057102
10.657502219319369,-4.28363252292046,1.8522196811825284,30.734060706961515
8.940479592465923,-5.777126437462109,1.5467515909769867,23.108470590340858
11.026534866226712,-5.589049547254935,3.4524675344707454,31.75956018668737
10.194155098696081,-5.214803778242191,2.32674476460232,25.272580843361837
11.937289981065778,-5.1116667095295245,2.3004743596108286,33.75164692527743
8.595893812245295,-2.8171113690890603,2.622207144043402,22.015199392453198
9.344675706804464,-4.844162342578102,0.8611668822192309,27.053164936190086
9.215783693735684,-2.8020797683532623,3.0391117874202687,21.81865465504781
7.072970103735763,-5.242149740325747,1.92423571346454,25.14536539531501
10.592240554129152,-4.764094429051728,2.6704806172412123,31.215216265125964
10.522110544359778,-10.994602053596322,0.9281427669598445,38.98165560522577
10.010226913284923,-2.2510169758925556,0.44624123398393567,23.27181716687698
9.530825733249706,-3.960534572306022,2.8178896580250288,27.007534792956218
7.1692585158991715,-2.0059696704210435,2.3764095260975164,16.646609259284464
9.158709354469282,-13.688766134581067,1.0979484456424897,40.89106376254434
9.31457096694646,1.265124114342182,1.1303369187253056,20.36951862664508
8.395445461556761,-5.418768884465521,3.1254347844147694,27.997895805094608
9.677428576667982,-1.6754515497874505,0.8105881071326722,20.652005970542124
10.808101713629076,-8.119717781376593,3.642672953255963,35.61141661984603
13.77237180242106,-3.161678284812291,1.0993792653521313,30.030791724148898
10.349155625663679,-8.160246689520967,2.638391925608383,34.87497948564267
10.515100781445529,-6.871306882087415,1.6713815242510153,32.739783169022566
9.851108168467665,0.7420940616003584,2.6031874310823433,15.630398794795163
6.1624575694019175,-5.57204720229004,1.4558859978858074,18.796184053779907
9.946972249101567,-4.3477013804608315,1.8372070939277059,26.40038090358516
10.120460419882052,-2.3897968079337373,2.040919175395721,23.836172310001775
14.926484224970572,-3.5129543360821858,0.9978125442185273,33.00278984649237
9.615278070437755,-4.54874328456927,2.7408243454201258,27.653875830059825
10.603094684667225,-3.905116992601324,1.4867864335284149,28.012848006175986
9.930576460589513,2.2102467557148255,1.7714000846599813,16.688664549047747
7.6626439247609355,-5.172856391100757,1.0056506253914876,21.874684623473726
12.285645629030041,-4.396702859855098,-0.5623336587953105,33.095059703037265
11.503866065373549,-1.8480368119771642,1.808972237399831,29.633293246109382
11.582063894086094,-1.6834222011260485,4.412615421612916,26.04592274865206
8.181225090410521,-1.4389090833188596,2.784604287898024,18.1318612578591
12.805588621872198,-3.083809333912446,1.9807396202656053,31.81352846151674
7.196297874415438,-8.429014738191452,1.7371091707917323,26.8411918478616
11.17371418760054,-0.09970540309671172,2.0224658928120465,22.82493184636329
14.380911251619956,-8.439036179056064,2.54711911517521,43.66381880982591
8.018927349738624,-4.0920936042829,0.8191871846911551,18.60303908629436
8.867404540794457,-7.2628275500580735,3.114321694668872,32.19995156478202
10.199302730175283,-5.192415039778978,2.715381315441244,29.14720346331009
8.993048691767601,-4.013712769089559,2.7181857257079347,23.999135965757564
6.898673137867735,-4.035928353649181,2.438475738809727,20.40431321940926
10.137125949612054,-3.734237737294146,2.01961665769399,26.406352212514562
7.87539257254779,-0.15886619282405867,2.67286123596682,13.328540198231865
10.947184861270363,-3.639397095458061,2.5918141337413783,31.120886060756703
8.161151531532393,-5.732469905871946,1.6459592890589763,25.497446973131638
13.09986881003508,-2.107738495134928,1.426398227103099,30.675269091798235
8.433493415327526,-1.431588533226078,2.1018562952619866,21.54802606022085
9.35587696758865,-8.682823445410978,3.5490201514951876,30.75837023362172
11.62703443473934,-3.2077997904504256,0.7608929243460991,29.240980230528603
7.53827136713209,-2.896481773067305,0.53247473424756,19.045725632341817
10.45491986920826,-5.892690510079976,2.1647608412365167,32.091845306340424
12.614285508564857,-0.872879560065142,2.050887701856018,22.89870182708124
6.785033530877545,-5.45016676109758,2.173341664370408,22.199131102230044
10.36926771706461,-4.623270639585373,2.2439531979085,27.140986041311905
10.519765588496847,-5.5192154728516085,1.7767977453651949,30.715919611148976
11.56364574355462,-4.953262857255598,3.4898634386020824,32.544233179309664
7.526098578243836,-8.288825260685606,0.39909602152348445,26.18991206432907
7.359086773831447,-9.320152647782884,1.171502975219754,27.62550568355106
11.043883131233795,-0.21648481032508293,1.8967452398509526,22.760186312795838
10.593969346466372,-7.540884044954984,0.35681118884583274,30.813023662388552
10.500985700691754,-7.974177048368921,1.8241455955679289,35.194448043511514
10.692896418993952,-11.460170340811144,3.6614701657280184,38.93607499802813
8.639950556843019,-6.916885243068506,2.020886488295962,22.447518486134303
10.464507394322007,-8.969269380222496,2.2307009057186833,34.302485017449754
10.586144946597363,-0.07395451959089261,0.7398352348274198,19.428084601341343
8.571297163947264,-1.9705487319720976,1.3836385919605225,17.25095737251894
13.731549022289514,-7.064451035533171,1.624803619676063,36.072362407336456
10.947665841823575,1.7573074160329263,1.682284903243766,19.98287297423683
7.617393005594703,-2.0547035390252173,3.2816437950037685,21.958616114724823
11.31310721726766,-5.974494150525867,2.5576910607251246,32.98163192627162
8.050636659545358,-12.49821714462072,0.888542043062968,33.90215487250921
11.574169207484903,1.8728277177722248,2.246504778432005,21.924856662182478
12.317191158014808,-9.168717400290788,2.498221748496785,38.218744320576846
8.358635363296578,-9.936196240870675,3.1401490385212663,31.17440906112926
11.926752258488644,-1.9322887039710794,3.5805406865683738,25.517374442438452
10.825561853872996,2.3192572190178184,0.9849058081721314,14.964052008167464
11.64412031998898,-0.8471815444684454,1.1891424887896618,24.135908290198635
13.793585965307894,-3.3082726398429214,0.7424221410853837,33.08841451254605
9.509223767994259,-3.215736975004142,1.7659801408930187,24.178599700732857
8.492527671285021,-2.439753323659077,2.4663583744463344,20.55265898449784
8.220971140748954,-2.7232142306397047,2.987334516589102,19.531471861040636
8.368379430069123,-4.156425728091873,1.9240489763574773,24.765104528553234
9.845796581171792,-4.687396688144371,1.680152476745156,24.59247009769052
10.682303949633289,-5.187779383698567,2.1517579922487404,31.343860200176
10.553381598660039,-7.2618937666000285,1.164857098369977,30.344626938877667
11.654366498072047,-5.842025230600322,4.089538721694773,31.793761983846938
10.026003783755813,-10.078870442586156,0.3923389728819413,32.35444454202409
12.907068154314633,-5.29501888038425,2.1847405788957244,33.40928250910308
9.470686333524087,-7.965773321452753,4.02360621922964,34.04773943195216
15.440338333179238,-8.310767951647312,2.006799844559998,44.98012472408536
11.251334695530012,-4.460317546539565,1.8099609649985056,31.692978224424994
8.285684887167434,-0.823993140966202,1.6425545771895729,19.344410950808914
7.858215003877776,-2.245050181993061,1.8196083182375922,17.42254811915568
10.96494483048637,-9.711501810869532,3.3728484746765304,36.84741847102488
9.553074429348298,-7.968884409711013,-0.21186191132950682,29.435518641629336
11.428000988184184,-2.1776864360353523,3.5334337012963255,29.843711548888372
10.94647524914709,-7.947462180614929,0.5760428475498549,31.593379330628903
9.854342174686254,-5.673899449991074,1.7333476707655853,30.526933204367015
8.30641256386319,-3.3498437029263446,1.5707555797013382,23.89472509624384
6.970305550628271,-7.905033364590906,2.5885532697707196,30.233967532506295
9.106970095865957,-4.68387348156212,0.4018756481162524,24.540939923250978
11.712797588646945,-9.002076484754614,2.4621726660819427,39.09200602341071
10.428187488260408,-6.804102931853641,4.024309623286852,36.833125934365015
7.508522442576024,-4.040654197572389,0.6368259954071895,20.033790626265393
10.346361851702364,-9.778981200595009,2.1897061676103955,32.948026859515636
10.770634759457673,-3.6785757861188033,1.338017822203391,23.700518476939042
8.232285127597734,-5.058913396780044,2.425887206193036,26.206130569946108
10.307450211891055,-3.3425301367485565,2.019147777415752,22.468139546012498
10.116417436892,-4.328257597806016,1.3585130909556904,26.388137091903882
7.714059404338753,-0.9075787100784671,2.487872284871074,18.410474933334452
10.715574720696566,-4.624326492056278,3.8043481097867433,29.879294686073404
11.121569052736469,-6.288216623375758,1.8090962082727013,33.06908163138673
12.166102486350553,-4.633107490903148,2.719757942148182,32.542373303301986
12.107604104069805,-3.3701059128908364,0.7067270421288363,32.0401168167413
7.244661264085818,-4.853419789022887,1.0435636231819911,20.177888537182973
8.124349920169754,-4.878224926388353,2.4724062778803773,22.95376883636909
11.03007053441732,-7.105975063420266,3.484116028535965,32.21901958198418
11.027571901824418,-6.988702752652845,2.35561334878566,34.90526556098902
11.030095372612095,-9.20781581539908,1.6869419694768457,38.17879423595599
17.70546298130944,0.24873022956081847,1.9992914054233542,36.54006867854167
11.141781021386334,-8.731589706173855,0.7495922660302825,37.97281161562238
12.271131280361198,-7.078715593387722,2.604515326355367,33.58560881395783
11.908003526986406,-7.155221796707592,2.882333062323409,38.74798789083349
11.302782502611596,-2.3152268691666764,1.5479096671669197,29.589255452547796
9.369461510719308,-5.884849034876083,1.5299578522404986,29.496427923916386
11.517938440986535,-1.2567737819787985,2.2658782296520483,29.164398841379004
8.454349570924856,-7.020471872731606,1.5632802639594046,24.595144614779397
9.526362786519982,-4.163017513328594,1.9338673853741775,24.8285157861198
9.029272904341793,-7.506041159779272,4.099721789166516,29.076917163738543
10.163748278772646,1.4354473833201649,1.7529742992540034,20.143176419855934
14.629317133347017,-8.562795257088538,1.6416598479787778,40.49504362751618
6.265469614816504,-4.070537869318917,1.3524581943648408,20.557473790595807
11.372520380749027,-3.0986693572037045,2.7441919714999368,30.957374676747015
6.774568257620697,-3.7586027076455055,1.818775826781897,21.12307912491222
9.056136268421133,-5.555862976633125,1.350626961678574,27.418757137618528
12.177901193934732,-5.389462099200278,3.3213040322730123,31.460640064550287
10.128560038190926,-4.868565584062671,3.419603004513637,26.89214742157922
7.844510444141388,-5.441006004885466,1.3995764342612949,26.769640636482695
8.569392581480063,-2.108362649615271,0.13346004863938377,21.900065159785512
11.35919549786935,1.6315690047740539,3.007513689836922,21.09525255677361
8.539266736565727,-6.672475355023501,1.315370174239996,26.64603846640692
10.43291717916395,-9.109408938737234,2.7906255991627686,31.315519699959825
10.091143679807628,-5.264846145053765,0.029896182288164486,25.946820594513476
8.696799304788366,2.739128012962956,2.8925973382993093,17.975523965901537
14.28788817865065,-7.411023703909192,0.7888280707192188,37.36804919237592
11.267838044636022,-0.08264958366779762,2.7307641190665244,23.85783934293586
5.949714826684786,0.033102442229322016,2.014273067836434,14.468945856766915
10.372908629538856,-6.660764725123984,1.0460605806033552,28.54093718494011
8.676427070463223,-3.293050762444174,1.5929636870732196,23.13974034027684
11.704866669592448,-0.11481013061438539,2.686318456956701,26.263675147214794
8.4149585231346,-6.137383222962461,2.1058944531152344,26.69275886046196
9.770527117066202,-5.610741080307085,2.584412980472484,34.469295860068314
11.009974557960915,-6.745042741845931,3.9764405845154855,29.99324688628898
11.731510388340244,-8.044270192078601,0.43575838828894864,37.77761064105283
7.599407185888447,-6.947832635198021,3.617212574968624,26.360123622271587
9.330997528318104,-8.67182080028677,2.104355937523213,33.84487334799668
9.050109377678087,-4.897749595222322,1.1012159516768718,26.65982223709121
8.693341534852577,-7.309919693175925,0.6696863742610102,27.08615612752735
13.530908480562193,-4.298642264627757,1.8108796092229664,34.51103702575159
10.80996342192191,-9.667686938610881,2.9216501119244596,33.2821493825409
7.478232091329909,-4.007359303356629,1.8724508796224657,22.73573340272429
11.835723894109552,-2.499413115173226,3.5111549302473475,29.070230872034198
14.244312394025266,-10.981206927714366,0.5488243099484411,46.40240280989282
12.064930521102294,-3.8778302904572834,1.9879110521539454,32.659216443710996
6.961260068091973,-1.3169930225801236,0.7476065555868809,16.85753131714962
9.031531854267497,-8.628923056073617,2.363631882624968,32.01171669702946
12.533822298373245,0.017717160513109675,2.8868873900973004,24.14499839968343
8.584661068762438,-3.7429429719018645,1.5792382063189467,21.833066529975255
10.887638856292456,-7.115035567275227,-0.6042138566271342,34.64003614686427
11.549268106858673,-5.167307232973118,2.1989481467964946,34.38185231862793
8.146139056843834,-3.3250192624348327,2.4367385517335096,21.534607700235863
9.8809492878764,-4.771983825762765,2.4042947549616978,27.733168235392004
3.517465319861855,-3.3837320226608925,3.235782191822154,11.272034581274163
7.951224717331421,-7.762020779238099,0.9289463203509511,30.169678190160166
9.49486369721368,-4.491917527891766,2.6802161054504494,27.862502165283697
7.504433636070301,-9.24114349071494,3.1925075124779747,33.7107696348839
13.26482260786327,-5.333678184046101,0.22141241599348316,32.839940062234255
7.139717244078735,-7.711722924394369,2.319651825918977,25.786898624488284
9.119911026606033,-7.2065898277692995,1.4958201689923285,29.96134469061486
10.261481154572182,-1.291720474368688,1.9184773268983542,24.329065294218445
12.882546578132231,-1.7260696382171927,2.3476764835383364,28.627165283556486
7.128275697641121,-3.172585637278469,1.5127714358864477,17.72333910105848
12.32632750430992,-8.276938294017736,1.3242919208383883,39.2281650837451
10.020466122039174,-5.949225349084406,2.0341524174880248,31.017286718042527
8.036982697904097,-1.3607069000624499,0.9127540611371974,16.55630376311558
10.92420694852654,-4.574849259080286,0.9141748711148145,31.69582584921895
10.39811939114694,1.9579886199450822,2.6793732829565036,21.003465255656415
8.79956624568241,-3.8200464818168847,0.8512059648413439,23.853156998038134
10.139604169980037,-4.423852650529906,2.666312500909212,27.87407679077977
9.22937280627648,-5.927349392607504,2.462591292853951,29.19666263155222
10.227034690502496,-4.599377285653153,0.2741932712094033,25.711987150335027
11.324261349042093,-5.457409509141632,1.322435347664345,31.2914305244241
13.172033632290704,-2.875673969934229,3.1941094030473725,27.311043951178604
7.524369002346302,-2.129893049616248,1.0188344688603184,20.302139210780943
14.266066749312532,-7.357968381523849,1.5355957376906124,36.9067783473343
6.095824400954996,-8.993698860673334,2.4620608932518966,29.42765501775356
9.696429809928834,-10.50861611930989,2.7833905092825955,35.33056076367438
11.176634412969154,-3.476026019262369,1.7484611139555044,27.668512225156157
10.561983735470065,-8.310099818521621,1.4024898053083583,32.75439632814606
8.754600960358813,-11.458671778857449,3.422369861698508,35.1478427996692
9.58375549928545,-3.8342641864071076,3.7388996637975787,28.87763986761691
9.013998130682335,2.4789985522983713,2.9788580507817954,10.227538535081493
8.821270486111576,-5.01821273461968,2.0853181425650242,28.349386289098558
11.69920419404205,-2.484527676645074,1.1917342783590736,28.15876714876285
10.714030971930095,-4.754511924357305,1.1695555934434347,26.496653212714744
8.614180809478691,-5.296668959573428,2.5225141052657576,23.779494503798777
11.799199750866501,-2.242770551036694,2.4183982208886836,31.040860848971054
10.614599041753218,-5.870823632565954,3.4015985929464296,29.16489935035383
11.62572423767792,-4.197823057784291,2.650450092536139,28.0366170686012
11.259257683847224,-4.034906581411959,0.496919698240182,30.9945802340139
8.342009978155856,-7.004271360929146,3.0519476177229183,28.783117035594135
8.879637919606061,-2.0238729513904317,1.001939372685587,19.219815925030645
11.494587210246523,-5.524879270086226,1.6160287280476484,32.19455189484592
11.22074053086693,-7.2672354784785345,2.2502002062516944,31.965888974046614
9.958196812071703,-3.3904704692887893,3.9956674897839646,28.40244237185699
10.234654766617563,-7.695403945373112,5.109918556005361,35.66813294784267
12.555329791576849,-4.915456527892616,2.6067230591361827,34.32987369037736
8.81685722232834,-5.027356989932611,1.816803381279612,26.44311306643351
11.094194762340075,-1.7423133025052655,2.5345056484805504,29.084587422716965
9.595614695132213,-3.575905301360142,2.8876554258738363,25.42075662484324
9.564637593545559,-5.075080876235432,1.6793323744428084,24.881947962935506
12.19755370397438,-2.5467011023991386,3.795211355912322,30.252670293985776
11.65083269797606,-0.8293773529480601,2.230070759191402,29.386846752205855
11.627019272001277,-3.326569080944413,2.497743089091394,26.96369610577489
12.610957614308658,-4.968942140469858,2.6659242520544613,32.752180181550465
10.042007683265519,-8.935508697050478,2.4215866106144555,35.04664647149399
11.363905942589927,-8.195340989226118,2.8389405004696124,35.76469582114843
9.379466486813088,-5.915674113064003,1.382746813453077,26.082661026503477
10.648332704976884,-6.828536606477849,1.4416982460539693,34.21569550594767
9.73971389126463,-5.560913908956338,0.8998457670283051,32.73083382010678
10.193991929985437,-4.830050225308678,2.4395012306202264,28.75717248516777
11.190314050873827,-3.4109217369298075,2.778936503512114,26.522555078723997
8.363558633533055,-5.211496334177274,2.4577728661518856,22.183772578070634
14.184774551370921,-3.5404950685213943,3.6744924333475373,35.29859139797056
7.987965237000596,-4.8065767555696395,1.9944039811709535,25.991871488339452
7.571622774424536,-10.926399699061614,2.6687416555925125,33.28380308711001
12.316221747000135,-7.818006181456263,0.9082991238606857,36.62713482150516
11.583325387925871,-5.432262667164847,1.612900297525599,30.62037156227808
11.24823963410431,-8.629084228523322,2.6955377575657775,34.064439672827156
11.25669101852856,-3.2002138100113866,2.849102110743144,29.837936037946907
9.97550645430617,-0.40774750296890794,1.7060330523358178,22.901987321537618
8.205491257028337,-1.3437144449080503,1.9284007481419332,15.913614832479862
10.151609116387453,-5.640328612790624,0.48212625331919057,32.08802698431796
8.645676576975777,-0.5278215894501441,1.6429707991933906,19.72411921967279
11.950239466835502,-4.553997628393665,2.890383163519786,34.397779615609025
9.705885236995723,-6.011257913354118,2.5752050161065663,26.516963351884364
8.349005606414977,-6.840207990622819,2.5006657213812096,24.97687460434767
9.357228316694012,-5.907409059464385,2.04977368718096,27.892563709204296
10.82586290855125,-6.164530455623686,2.0070631586281764,32.50620930191687
8.87255089439205,-4.488751332873537,1.3396788605265528,28.4728540921063
8.355559208867136,-4.518278056850407,2.6988284202025348,25.71034185670091
10.487374422983825,-4.990861939539757,2.4209729443893897,28.701971084970037
10.489933142217446,-3.6891854907609503,2.4920188479927994,25.208511759642374
8.98611364925774,-1.428061175640976,1.4739651573324197,23.016509754614972
9.057923388763355,-2.151337593676029,-0.15334291987124438,19.36743944057795
10.464099874715272,-9.45469390534971,3.0971527117536954,39.29632353052586
7.103831317005351,-12.661763404705864,1.521162543991596,33.08788720505396
7.1850724512468895,-2.197040266282179,1.1372242359568794,21.188036717939813
8.563111557495128,-9.100636095246262,2.693478911913994,32.9430835115524
9.573105696576306,-5.674296205678051,1.6079873600808705,27.866060930809034
10.621815131196009,-8.510339078178077,3.0599363840466216,33.88832705122087
12.950712433899104,-10.405941312740058,2.6170059495766975,41.61362286708914
11.71531924640404,-3.375611815385636,2.6835693232004774,30.155760397597152
9.680122940073145,-2.7225345190920596,0.6340442887994657,23.788573937859653
9.961967584194623,-6.7295312021801585,3.2119439853864007,29.794192351137994
7.994941270724382,-12.77312687643473,2.261250531233856,35.49668519483575
9.96297372801522,-6.638733344757448,1.630722860753797,30.53041839083105
9.422682722159724,-3.8245879837923606,2.143388467342251,20.96779577138104
10.64543712067618,-9.436734706322387,0.22376476710168003,36.42944196054384
8.345538112895355,-4.449920240662533,2.4086528114806707,22.129109980795096
11.038693028482344,-5.045929547518987,0.9706284918179284,27.630804119377057
13.065477826005155,-3.262125501196735,0.6473297141564656,27.84365412383093
9.782479703086285,-4.641258894757541,0.4776408137821089,23.082354996707732
10.803423444197882,-7.919206822644666,3.1126883749899252,31.708568628635167
11.380287983422225,-1.410285495006526,1.3707366063072113,23.86918327598542
9.197559056228327,-5.4755887190809105,3.533727709916499,31.575137779106107
10.448184963620834,-5.0819136185297955,1.4641985369477022,27.90674056433026
10.02518480156359,-7.799803877219588,0.29264204240705327,32.19336824421474
10.195352197097664,-6.329846753574531,0.8834755600513409,30.951479965585182
8.453980432289066,-7.654408142080703,3.2358116200069387,29.622446936132967
10.049020348517885,-5.518838179770269,1.8441018220633325,28.774641591858185
10.9959965824909,0.13512544042703034,1.451712703509399,19.834231288195582
12.902287215590084,-9.115703428794069,2.1600182258527876,43.027990138685524
11.918541652170413,-9.840684193630224,2.501782736167545,42.963037702912196
14.306364915023114,-0.5864890175191739,3.117398815902461,27.062365612850357
8.4653048742239,-5.627971031455599,3.448499229892926,24.359058882826318
11.744641273441356,-7.00721821597975,1.6402313542109144,33.93255859236161
10.366684011476703,-1.8802859378117707,0.6739523139179617,21.826907034026068
14.379605866435345,-6.816846619210592,1.586534838876724,40.472373220261325
8.383403429289697,0.4780291406408086,2.260280506582886,15.271302894779819
8.320556315638449,-2.966222385982193,1.0362410737893892,25.731430668000208
8.801214709111957,-6.463734224437108,1.0428490851049572,29.991982669098256
5.752208551380386,1.4719246397965104,2.3437878815498854,10.424814568795403
8.948489956638477,-6.8171447690100155,1.9513476484295489,30.762073887960305
8.481734676892604,-2.773713883972079,2.0327969954115863,23.945680127081417
10.300787572952416,-4.102122258780524,1.2415046652999306,25.99931495754911
10.683511951554319,-1.0947761318036058,1.7695992857942326,21.907633397468388
13.752341678431772,-0.3154664098194422,1.0757668557316955,28.456899154251513
11.9008476763721,-4.9039875528027,2.890198411124787,33.74800845428158
8.846192688675194,-7.26025361103855,3.0352493347237526,29.771461391632176
8.203170657303284,-3.6200835711826507,0.15381213776190616,18.72861734832712
10.983838343013012,-7.033146109256318,1.07048913980759,31.232893703951095
7.359533585958715,1.040161742579869,0.5034707449099209,13.161920054331848
13.662917531708707,-4.590394006751787,1.349976065593102,34.465087684571365
12.358880241442574,-6.095964653936326,1.9165620302096391,38.381760426432145
9.061648695790591,-4.445959082405275,0.5503547803014699,22.18536656448154
6.573730941818245,-9.041378868589089,1.0781401868746867,28.044150726254276
12.707744748330825,-7.914842115531955,0.9960426279185015,40.56479167499171
9.770920309494764,-1.398758276166724,2.207267329398944,26.84505772290489
12.475632623946924,-6.970682836914188,2.0693443370362505,35.219297958008084
6.811144682411266,-8.14073294804582,1.2782624466627466,27.199726426330486
8.801249954092455,-3.3900417424181413,2.176820872139398,24.480129497851234
10.010487399436366,-1.4428875360110092,1.4533199154127345,23.012265540619648
10.093961187529484,-2.8431400680048,1.7283448896739468,24.77344554148974
9.099869057041513,-2.011856942582551,3.673452090298537,23.191509934046504
11.245699864694998,-7.2703852657083825,3.340461051790348,29.334623773050296
7.864759141234812,-9.26543200022553,0.7004187630724024,31.2019308918549
9.715241029957413,-0.4959990441335398,2.8297324178791747,21.275756158802825
10.240591263423799,-5.9680395165264075,2.811396554491592,29.831710974428155
11.028877668117499,-5.752499049365142,0.8517367112473817,35.03574931509604
11.42322975617778,-1.015417574452826,2.818777643754861,23.86535112958015
7.750715816324261,-3.3313099717980204,3.5379319184125526,20.75362418773926
6.931771658528755,-3.6323366837551774,0.8774551937555861,23.558391505226417
12.555353643797018,1.495007034703252,1.0824971789857365,21.528823279535164
10.664628023959184,-6.930554691140429,3.0176614668435024,31.530155958808983
8.503026926886893,-2.2164796157562883,2.271495310825648,20.718171023794213
13.102303951045046,-4.8289606253087465,2.5514762752395233,35.89496068688416
10.231349268585717,-4.194223163410229,2.3405892164004967,27.871815061913555
12.358594368127653,-0.41459472076240544,2.390695920928144,23.471038899372836
10.135036962820218,-3.476492731131129,0.673527871688917,24.622534257589425
14.121495849763974,-3.385111762851101,3.047317706621448,33.02014578936661
13.510681684886409,-1.7824779880705934,3.1695899924277735,30.49151525916095
9.502071703041853,-6.094858188628656,1.7706092559319722,29.52930078306594
11.94314190190871,-7.517629002017019,1.9565230501861375,36.58609573367474
11.290751899170296,-8.1344275820631,0.46889249744427786,31.37178941257172
12.737263115064698,-10.899069768128005,2.5142547560178348,44.705289284248465
8.070153078839791,1.1686213898209665,2.572057441714144,15.664128997455622
11.372102919996879,-8.30962509716505,1.937808983000689,38.55905027582936
12.116848973699176,-5.663760870757316,3.1243533598705024,34.55504191607682
6.482521027153771,-5.830439899666762,1.6659227690200595,24.413124649985228
7.63348297466845,-4.077779906572697,2.5646059258936003,23.086108209864275
5.921535644479799,-2.5527883623821097,0.9803356613078844,18.658806043330625
9.461186331110884,-2.418579534920764,1.976447849125762,24.1876775913762
11.435084511591924,-6.7492323157068155,1.8256457420971641,33.34588072648741
13.004714104192056,-5.501365141359234,2.2253079220409417,39.47393773792901
10.148189560839551,-4.152260148535101,1.6304730711666413,28.791985510391534
13.257231091142584,-5.7460733785506415,1.8685274043283322,36.841619313418455
7.239797083570217,-0.1779632719400226,2.8260471714415063,13.041744393406248
6.593235121289691,-3.527075145085246,1.5632357627617826,16.36943845410871
9.888904602206763,-2.7953666418505474,0.3934228992613207,24.67431700125145
10.768130897878615,-3.011356193997762,3.7495839042054206,27.469213653551982
9.934610503811815,-1.4795784275440251,3.3814540786904868,21.87477974253018
5.865115799920247,-4.456935323888879,0.7077373048943814,18.90992117636625
9.821759920974424,-8.89049584386754,2.6897078052451944,36.963429805410904
7.391060998990294,-3.8009361447420753,1.4970252294486568,22.323438733028897
11.339345097660077,-6.954070681375487,2.2634872153310597,31.506825362477226
10.733196492193697,-6.585850045249271,2.294224129013494,31.810417636679464
8.120240427345289,-3.24090794373472,1.765592199683678,20.021587468492637
8.972266165326612,-1.2851507856990931,1.2162343344136035,19.461728976708823
7.881572956222097,-4.936185269791815,1.3094589476837406,22.733030170177756
9.874641805453656,-4.073500962203108,1.0838080845187577,25.22938631435959
11.910284641002477,0.10664483390571355,1.1681777917695553,21.500784624730457
8.028547907328912,-4.277740461534295,1.9328217099506448,22.798243656908078
11.008093031035688,2.805049342541185,1.2842400108892482,17.07266877783175
8.939484763255118,-3.3034710631053676,2.68205206571262,17.779894360877538
8.414254335475311,-10.282288277467453,3.487246155335927,37.40405898275591
9.785939280090885,-2.7399751366864025,1.419946758629957,26.28536460123371
7.929515355161252,-3.8565248453516667,2.239404500535377,21.563037878660626
8.892701389305635,-1.1307417377517632,2.499685110302934,20.269059017810992
7.6042442148223035,-2.980455946190125,2.4720022709192744,18.077464335570454
13.929450265832779,-5.415367951951321,2.0759552679160875,39.9961847955891
10.070527103943457,-8.672894708868096,2.7426824183597223,37.767778386243194
8.600548984014829,-5.627069771858076,2.4822489526806573,26.699764768114015
10.427959821468445,-7.551561362627901,0.7623375776727022,34.45902424855124
9.77534390061834,-6.741570349414168,2.8691560643892733,30.87436370254256
9.558060800933553,-3.234264786738171,2.8872908372667423,22.160255155402524
11.22833340008685,0.009713513054219192,1.2367138958214183,21.989463961411484
11.51501542009461,-3.8159854105310567,2.037937835447602,29.629246240164
8.938997704778945,-8.587649186105553,2.6833289928110693,30.65537244907265
8.84836351871064,-3.666191995339578,1.7906861804206384,23.295914329686767
9.449896605696711,-1.4101055400630464,3.0729780477660116,21.75404582079957
5.39615767052883,-6.829348712958147,4.363872494619361,22.183743163149767
6.9696178756028955,-5.402051500018753,1.2140139673650177,22.511034172438393
12.733748534889049,-4.955935415812409,0.6189553968462251,30.96587667975738
13.289935427002568,-7.35469493924672,2.303818595604876,36.86902654330081
9.501927920887244,-3.055158698468423,2.7215625051261436,21.833894109615027
11.153113926111534,-5.362844445823344,1.769133626155231,32.83686570817706
10.622500309087073,-3.7414026682789165,3.4532606633210343,23.681788935908184
16.157761616910477,-7.6624765334063,0.6613942002767512,46.31483698064728
12.239149822869154,-6.312374900970231,2.692918623031611,37.52743637862882
9.744164817038467,-2.832855926516686,1.3941391792411066,23.551494103659053
8.088919118799149,-6.118499456275301,3.7193779062072965,21.265126618218837
6.787107359484855,0.18089155370021537,3.9925153531681183,13.778010870435242
10.406927271734446,-6.198908556843807,1.233343412216652,30.35385207982196
8.487298509431394,-4.325945822744342,1.45044286409142,21.8774521723489
7.155492580804651,-2.2022275043807302,2.859587886979802,17.441765996657853
8.706854231514948,-9.255097198799096,1.6128693502104854,34.84060546401838
7.8369039927712105,-10.282426435942327,1.9545887820677619,33.013678598679725
13.37428327014513,-9.576968943710284,2.02538842054241,39.872508253262204
11.763279513898901,-1.2122476897184535,0.08032684380234367,22.173830276325322
9.984054717366766,-6.65557443767734,1.9861622539057628,29.89328513220173
12.959888277780053,2.6745978570047573,1.3102722259358262,21.874047879132842
10.154736615295237,-6.6927427959721655,1.506877177600228,31.793048952555424
8.277431597343472,-4.446346090408889,3.443632003468814,23.186838506205603
13.046248154539315,-0.37367014229637263,0.7434931057207437,27.899048604963138
11.077820087369318,1.0182786644773687,2.813205186747977,25.342491814167435
7.925507691347088,1.184510729909194,1.7210370696681916,16.221562453619367
9.619322643832783,-1.374901308220573,1.7202398315041656,21.720892184786127
8.248763493230486,-1.927812422565613,2.7903718960517114,19.860056247018314
7.234400538071328,-3.2224191523964505,2.3400512945688905,19.291098924748255
11.852355095063283,-2.6649167715000868,2.570612997219531,30.834551071446842
13.818833280940261,-6.6535571489856,2.9681846605328612,37.25383079161618
7.202864852361717,-7.454596650266922,1.6686916168166772,26.178677583168785
11.125938473381142,-5.010123372232856,1.3877632654922496,30.285786788521413
8.698714861756347,-5.510553867574785,0.9148494734422019,24.934146981284467
9.025749232470607,-6.359684147981826,1.1745894700210449,25.198470432152067
8.815212151522262,-2.910837657629854,4.949094425308726,24.127358124317258
8.272018460640368,-2.134084374288468,3.2446795807367868,20.596559413223705
10.097043255889654,-4.734779341124458,0.6489256337919787,28.491414152476725
8.338099767177924,-0.5674097568342145,0.6775420432564299,16.663376169705764
10.540913651559677,-8.425067342400515,2.4818660617184913,36.905630732861766
9.899523781101726,-5.580978377839155,2.547264797377967,27.181147005751882
9.52210390626718,-7.150466961808415,2.5488838353173646,33.95865397387798
8.184872675916804,-10.59960985121918,1.745044206446302,29.297400370939748
8.846457338863335,-5.248042057528098,1.8745457399970997,26.99688161513173
11.510782451651512,-5.365242525149851,2.3278795241593575,32.71865391332885
11.001834375248762,-0.45965077027360657,2.0858930062933303,21.727798671914172
8.044889510402898,-3.1075649463356676,-0.2193003727475351,21.534124204207064
10.19866461085845,-8.072560472987615,1.7702003694248063,35.59626738154608
11.502774246743577,0.5622776990025651,1.1485935657396864,18.073072335997082
6.6611894377572565,-1.3368989134239415,2.175211418908512,16.98578028630461
11.08672038475987,-3.2537068895941528,4.98525900260341,23.56303716403184
8.674752482108307,-5.679452296549496,2.3674816654743043,24.64759830163673
11.141197337186318,-7.878317710170439,1.686470313827602,37.86414506357847
8.473481686914965,-6.116620328213159,2.921801501977252,25.834870249958737
6.390235798670962,-1.733754140887442,2.4826878872092126,13.778149246017906
6.744915124233675,0.6537589178038274,2.420094490451841,12.839344760927796
10.096169893322765,-0.3702694151834329,2.606850593215671,25.665611763712484
10.519445003442964,-6.466548265358822,4.056543564829541,28.292310979960973
8.191366749791182,-8.358852299867033,0.8691115646740843,27.07912559550645
11.277184917554749,-4.5773412592663885,2.4736320768114544,33.15733471341177
6.67695987546208,-10.305318096688556,1.0736188700184615,32.84938724403799
9.867840402705367,-4.030496857445655,2.5555126463422484,26.34121743690132
7.577967600475087,-5.442807758896006,1.0813134885139055,21.16643548079507
8.696327784395681,-6.398109505604727,1.5826331863949157,31.656296786735247
10.094797342632829,-9.784109201800387,1.7049100857620938,38.56611629719326
8.279173269432095,-3.4591996802908502,2.975816719344709,23.99778505062834
9.23088891154035,-6.598102518985734,2.918454443942414,27.60966323686718
12.012585618428881,-8.509750507130864,0.7542826235536155,36.91802310294407
8.846216260953703,-13.616786639844948,2.0549341109998487,38.413372552885114
11.671384224130284,-5.082544715151909,1.2904201452508275,32.01541417379483
7.740586290684764,0.3167547900092327,0.7414950893246655,18.13049179941575
11.059608355830566,-0.016222356356390577,1.7829829495756295,24.43727921334321
12.8831372413158,-6.371288769758816,1.6915172115441803,33.67591064676356
5.056710999745421,-6.8066361810853415,4.426716486345523,24.404384117061586
8.406209489059046,-3.5936772317749286,2.432959825360696,23.559087053415006
11.15414425436108,-7.9951563175648745,0.6223824992457627,35.861869326561035
9.593909227914015,-4.094624300541602,1.4352259958290579,28.693404423946355
10.742291746742618,-2.701759164845929,3.0213832954293984,24.22047673035585
8.79202962656836,-1.319200328347077,4.088442772869925,20.717741420105387
10.1731795749458,-5.300462229439859,0.4140166877620417,27.358348397661572
9.68864552921584,-5.611021250530897,0.12007561486095497,24.694126767955403
12.335564123319614,-7.633947760269683,3.870965175371782,37.97675939486513
10.508841686602427,-7.48064106211958,2.3896141773709036,37.97864232276434
10.675205324150404,-5.67943667570458,1.1317072681236335,26.528922353283264
9.176246067755065,-3.8979034795514655,2.534629086122435,24.895174858575118
9.024787551855013,-2.2592461213002517,-0.6357477390168778,22.528805834104887
9.134883624360759,-7.409536852041034,2.003375506597161,30.231241582074578
10.788904284756594,-0.5219342931214346,2.3278211728430853,22.832800256016785
9.158031038359475,-5.8133708031277065,2.9242701395378297,25.31496659638021
10.579549713792826,-5.064101883045309,0.9861040477074623,29.516656952346178
14.150801597290878,-7.24163503744347,2.085687161403359,38.27623394513612
11.742249406863385,-12.272720780818824,1.0745753739404127,37.83610918718003
9.347952935664317,-2.347863810916851,2.255383755674317,25.283501155433665
12.402427844327889,-2.7894683087227,1.1046536776369758,31.237225894715003
9.183849253956897,-5.84398267135464,1.5918991608397794,27.71456421689985
5.923750929644292,-4.799027848325384,1.004184605209771,19.805448389751
7.983827378165191,-3.4521823468877018,2.6511362418236573,24.089905174640155
6.258416157948289,-9.687637570659628,2.8584511166566653,28.354503320439186
9.296973031917382,-6.587158032038884,1.7653794300425862,30.81233205042849
10.036836758379103,-2.617205961134519,2.038237994960028,24.01598945520029
13.352874624550566,-8.762868269507749,0.5514085853664559,42.639441706120586
10.653854747528325,-4.119326203500112,1.7003233519932128,28.63836725777015
9.561798942382271,-9.069745413870216,1.9497953829582553,33.70125850766909
11.658811162366979,-3.600710052699421,4.6207930910299755,27.56480315366802
5.57772938198423,-5.10692444689245,0.8880329742258364,19.656167035178306
10.471229116217131,-9.845395447716529,3.4641772387524377,35.085894740645884
11.541730387773933,-1.5057819366284857,2.996858773465808,24.964625859473347
7.0428275084403165,-7.203774730394148,2.2806364044901364,23.944756777186655
12.287508086413858,-7.430757311043143,3.7586204841951334,34.71626842085252
10.676992814988829,-4.398292408307172,2.372105472606863,32.9125986902544
9.169424172198397,-1.5540879517138544,2.389159195667929,24.04940615464476
11.26556373221257,-8.04746545693519,1.9468793469824546,39.02712445821119
14.541385715608792,-4.814960450456085,3.2235688824186273,34.82649273251617
10.363732510116991,-3.713550499008281,3.0964692338108835,27.369239038711452
10.496441172600672,-2.9206831782105676,1.3743227125037876,23.19918867586014
9.081278200919511,-4.470675334168324,0.6807528054012326,23.68140549031775
8.300311261070416,-6.1010835172499664,1.797019362604343,24.455099639963933
11.66067163308849,-7.482770661946159,1.1999614356023536,37.38465570266005
8.287832348182265,-4.7415683508608755,1.936475425384645,23.476500494067718
10.143132474438785,-8.21641703595682,3.2374381346841394,35.71888061060607
9.044685106469768,-13.764051450483823,1.5426983449132101,40.40649867131627
10.957959651492784,-3.6903205875269967,1.9571766186884252,32.64583067409217
10.667324210573897,-2.2881954767414143,2.0580227348083953,22.425460010422984
12.075079888515798,-12.088797306625516,2.8484308822052844,45.65635148120505
8.979967202290506,-8.029192114129813,-0.24688933398460522,32.222537516381806
9.460250129413257,-3.142537216984407,1.3932997052347034,22.10553831981947
8.042472568435386,1.1724864091350966,2.2112836922794727,17.003867303798287
9.111413479847776,-4.937618876973776,3.2000789564268612,27.261568888136733
10.754600986089704,-7.184008823687403,1.508097552493795,32.28269195355183
11.513977233290703,-5.5486893233145205,0.12344729395812593,29.740151665796624
8.155669351644748,-0.8753707425554458,2.619711445966136,16.972089348014137
11.73921184021132,-6.937892537373606,1.3646376111743708,38.39427796140721
12.711275717609901,-7.397576019950761,0.8103333409096387,36.7633811053338
10.826869806447402,-6.448230566546098,1.375654610286776,33.3030418488629
13.753591625116131,-7.859985824776137,1.8154746423441503,38.2600056167646
8.452421601792853,-4.631989052015613,1.3952553354617874,22.711697489804386
7.510690593377166,-0.12596462459131796,-0.20556605709906917,17.312627925011473
6.442559502191443,-4.030762180651912,2.897066196887132,17.10122971132383
12.992088622978367,-5.7570605063788625,3.2748750412787224,34.7718029820981
11.308731312708115,-5.875433806746632,2.651521991339506,32.29412475508249
9.88883065817909,-9.68957242608997,0.8623143295751834,34.793459458045795
10.55993725263964,-2.3506706685585232,1.798508466052482,24.8272464779005
7.7490219054032465,-5.233511591038406,1.993478684770542,24.73799436498711
14.891503959233653,-5.541439740771877,2.59879438956191,40.26051735812931
10.258442363950454,4.579322703534583,2.668340488718081,15.917677910133119
10.218789589209786,-4.103741274902942,1.2658262012215042,25.00133133380478
11.451533247797384,-7.255373150285553,2.0819955564135606,33.84241469208957
10.962018463473427,-6.27907278861663,2.457280404615241,34.46935595501025
10.447768048558263,-1.5546628724097356,3.4558223221467665,26.053571477522905
8.419051089109375,-4.660188768386707,2.704506539824723,21.894018389784097
10.942936714271992,-9.3148339349521,2.7890566873755187,37.397801137889196
13.764048992950068,-2.2423131962743894,2.083826627929361,27.560265269940906
12.690840092309955,-7.004432256616981,3.410459145203504,37.005336117227166
13.186373253278795,0.6198933286526369,2.409762795959497,29.961369385858436
8.97756864713763,-1.7598558028560545,1.1389120898264296,19.0408091909693
8.020790359482838,-6.341965686976254,3.4033699701251905,24.90689414948445
9.748426159800704,-1.1569509147946615,2.6979032725390275,23.569709236700827
10.11144982457739,-4.79643346841779,1.5569559788715177,24.799033615023628
12.188383036941897,-2.4416789746333416,1.5205070326007566,27.229926585843952
6.615070740570362,-3.5458015481165757,2.2965755451407617,20.43069874202132
13.059100638921228,-7.5390699649726205,2.4631847952675847,36.897189968502865
9.683984202842021,-6.930649496952386,2.1972922656312064,29.95119035638004
9.14623786010516,-1.9101175472565162,2.311308673442885,23.33941606375803
7.975791249479665,-6.004325996319622,3.6999573745763805,26.9111508728848
6.690286656268461,-6.21094538972599,3.0715431522348857,24.152091135387177
11.64634116792383,-7.865367738048059,2.1906355912650244,35.06968006175918
10.146635934376807,-3.729202803219617,2.9413105807674835,27.509591478351194
7.420078200517892,1.1875747577294344,0.9674760964724605,13.101571733183858
7.409842455872768,-8.202598742762818,2.397927049946809,28.758572360725378
9.328430601419743,-4.927341629981726,3.8093063497331103,26.19680150249605
13.338043050578786,-0.7633383337537119,1.7819541046076262,27.99054188441135
9.48081729727279,-5.2389241737371455,1.1523660713809152,25.185815091461546
6.993714093763788,-3.6428846112507984,1.3479111114069393,19.786113217813384
9.50851387182811,-8.18718058444064,0.9103669626576116,29.948906981856776
9.45455286050466,-3.715078708377054,1.2152380918722967,22.618202310812602
4.606226714116857,-5.561432795013646,1.629491901409971,18.56077248688795
9.891410266964376,-2.042810012960411,0.594432980821358,23.450844999331096
9.538130939582643,-1.4378418453057464,2.015618333949603,23.40345761720593
11.392412729626837,2.768690926055841,2.902277173786647,18.640221083155705
13.69791218989069,-3.261100480359273,1.0922438198530795,33.431253939949734
12.253130059095515,-4.0226110502535,3.519283923641769,32.69755701521114
9.462222618890339,-4.4168470952679915,2.5107920885275945,27.192501122904133
7.786948182516659,-6.0594988784320645,3.0305805856240573,23.921011492764343
15.14671960649972,-3.9845484696149267,1.342165446147863,36.97163851580857
10.118436868028976,-5.886204230417088,2.854525227066616,30.65081824191289
10.027858583825893,-4.494617071191157,0.908066099604687,27.084419538135812
9.951749825779993,-1.0472073931761212,2.8902475008365087,18.16842967483295
10.39616952153571,-8.019627695838924,2.1718393397935314,33.79431163671482
9.711279176152114,-1.5803643166128638,2.5532512199847837,26.984142272013443
8.852675986239527,-1.0486547979804044,0.8244053943751484,18.805577250248238
8.906282117519215,-5.354205580973236,1.1049301577233952,24.71919745810466
9.934493459568003,-11.365564697025784,2.5972282182533846,38.4431995495735
8.91315045773247,-6.823465961283297,1.0516519957757993,29.001751877055767
8.57430843464567,-1.109016360316672,2.463206292099123,21.936573628228917
10.212860455383794,-5.068604186896646,0.6328621935397543,25.702749537356706
9.49004556515829,-7.9979066968847325,2.848174212666668,33.29416394459366
13.007985977165378,-6.514324763684652,0.7674766852314909,37.19854622793011
4.698060383213976,-2.478139920486341,2.552299937679523,13.594727554580228
12.183013703844924,-3.359799295395862,2.6256309336460006,30.87079026672082
12.492170384995259,-5.716796297509083,1.3032281815704252,36.00941863392198
5.853219535183701,-6.1004732354440625,2.5820265670847267,23.376387653715813
9.314624811839302,-6.175274447131466,2.260442263333556,26.284255349228413
9.257118268008417,-7.767230553495508,1.4611581438072618,32.24374618291324
7.184976610564357,-0.1538729315916747,0.9914453159237919,14.768819003228327
8.44436662481825,-5.966961407634019,0.037374308327420946,25.996135849616785
7.7788483090683425,-1.3485244375235106,2.3496500472996935,18.431772270615248
13.504540886847245,-0.43605184423264554,0.43519722863794486,27.493232731038322
11.871356786294923,-2.005067305556119,2.0953441994413082,29.762332784970546
12.543110189988317,-6.294860938154145,1.736551783917751,34.882041402684756
11.443344128086471,-3.788809728990172,2.6791427754381956,27.13455342552332
7.741896457565542,-5.072586819172749,1.6979545005101357,22.81499978210379
8.950959467440452,-7.711105582190385,1.6705522136529085,30.327132405883305
10.978749122455836,-4.026922154835191,2.7318707042882955,31.275872257045048
7.555744382216109,-8.537119373479408,2.3350580290841174,29.823874603274234
11.425996860344776,-1.4369618346153086,2.316155957182778,24.00121270227326
9.51934920368373,-6.39385189189518,2.4692675898085263,34.34063635551057
9.250358384900805,-4.396521032381482,0.4644278767928942,25.764377303367663
11.421919936406983,-4.150136385361574,2.756788679986982,32.44686253085045
10.88852662297208,-5.776714921112232,2.612468794013602,30.92243739866213
9.27806766836184,-3.239918595574176,0.9833168714235028,24.777726780922897
12.318659606728495,-6.424710969867573,1.7559195263257987,36.480098535192894
7.837873344800205,-2.3861081076282673,1.9606927123723688,22.279506088263037
11.231871213888528,-9.037939040740245,1.8655032155982674,38.695038564323355
11.186202515936767,-4.620861261360765,2.333859966568535,31.748248914031194
9.380907121372019,0.8167869971748543,3.4313667818311835,17.935870319142893
10.652266044484236,-8.000993973816724,3.0817667276728287,33.08706098408329
7.497772847229394,-7.033234911574555,0.6877808065685937,26.416947324439594
11.848054038413801,-3.458276451023255,2.6220699903060485,31.53639989513644
9.630195727114021,-4.461254654181206,3.32893331953541,26.50551202980726
8.95455395896192,-3.9481097021793223,2.3868085206892027,26.67765895882836
12.098018451673779,-3.5324386095570093,3.090980425185967,33.32722243621122
8.59131261891448,-3.09583559431469,4.012270445700765,21.19741792486439
7.183077407272881,-1.6709004741313302,3.023709546106981,16.10577698198229
6.8867416529521925,-3.770544029214462,2.249308595641729,19.823341810607925
11.21201990269128,-5.723772963855628,3.0450884740847535,32.53845112976982
7.439141295007434,-2.982278896391806,2.1448878330968912,18.94603325699754
13.50958836396873,0.6996458046856464,2.0239030432849554,29.281284291628765
5.836141184232556,-5.39790123914772,1.6485857642862674,21.111843679509473
13.392912736580076,-7.923587914011924,3.563413358832108,39.819125448309144
10.422034934405238,-1.6787579921390816,1.1815713340579985,20.84485920949944
9.806573776259215,-5.361143491860795,3.532367724678116,26.082941474858043
8.910161826382101,-11.518008638042108,2.4998641237403714,36.40931434751309
10.798272228704143,-2.4577349685487353,0.6006938251980585,21.198163805481133
9.924730595150303,-6.605984557861769,2.3676492929914215,32.49400763427883
12.206603764033042,-5.2715998469124825,-0.10002650765162402,31.974291657394684
10.228455297324079,-4.004059008292956,2.6255080168310356,33.736837451326366
10.300603522923755,-4.4285009606628005,2.885231482988991,32.725360432970625
9.272775575572288,-2.8716445485828817,1.4076440443479465,22.91241304882825
9.886108752557865,-6.30645911170953,2.1235476959555823,29.65629647640407
10.615603537784118,-3.460682605471752,3.9541574337502863,29.599641241905008
6.579663214686748,-5.778640032751752,1.4942532957380634,25.68190768705862
7.303629155788574,-2.783568557337491,0.9410924129433995,15.788880756594374
11.48652818804543,-3.15389754796084,3.4816634024625985,25.175650788061528
10.341730876255884,-7.806316106133786,3.962587190530795,32.337642457762925
9.632033327294641,-1.7420536514749032,2.003695671847847,23.643730999703717
10.036867866130786,-6.6078903353421445,3.0114630354083562,31.882757326912493
10.695163410723342,-2.5758266051565646,3.3414759155308813,28.396052413808498
8.920480639381276,-3.8981380597959783,1.257515767461616,21.66602804196439
8.443390549195374,0.514551030385368,1.5146941646321317,11.937075076264584
10.391690510195364,-5.670397947115556,3.2308745131547347,31.97426868561477
8.043254444769936,-6.047950388354592,3.6850142787085094,24.607546209753846
10.816505511428943,-5.058258817663198,2.5628808601743547,25.952287778627714
6.594832791524319,-5.909539348502826,1.1201856464979456,22.680157791671025
12.058311274651288,-2.6001742941738497,3.9870611116994414,30.799353700510537
10.945194964826086,-9.848931825309764,1.4690291021880355,36.86038213403067
10.51205946862775,-8.161047257439062,1.6648622188285482,32.84945171669767
11.965381967891028,-8.20340876473758,2.3423378344896215,36.619853968943495
13.330948888925153,-2.1490772240792726,3.554160420714774,30.210596215382083
12.028740130036262,0.1318401177457762,2.8539759765522237,22.019818652539193
6.318251537336709,-5.313347655612414,2.4148655003619104,19.901622854219752
7.4408460665285965,-5.506465169570032,2.4632885301181062,24.922936256475303
8.750362844608642,-4.7898435106604556,2.043514668643466,25.941902438554006
10.052182100421668,-1.5143650921754288,2.558139514518506,23.479473305395672
11.035318040938247,-7.782059402571722,-0.529560077694303,31.594560198719027
8.548512373693068,-4.2848930517956445,1.7033925409302015,23.672375763087327
10.373533528954157,-2.074407110652711,2.241321934916781,20.17694421147671
8.489234135293355,-3.4967174901804645,0.8489859163804929,22.83519360854233
8.776964394016103,-4.43125515020377,2.38632331781156,27.77442392430846
7.186677806303555,-1.9968617222985765,1.7955287790138785,14.959042565674924
8.153533507778192,-13.109696878997712,3.75547569831549,35.926399696912085
7.296630788767333,-2.9663740414072772,3.5730197252148566,20.772942114630297
8.048253494045335,-6.962227049382271,1.5341944308818372,29.505791160283596
12.10728359321568,-10.491898690569371,1.8491622884333048,39.61071467621511
8.101202222336115,-3.466392201425058,1.9260524343916074,20.595307818595508
15.26476412967478,-0.8790243645111264,1.5483405238403773,28.3747206784362
10.986635801761778,-5.412345543883076,2.1950249840281266,30.957173673172818
10.369672247389747,-2.1413763583911836,1.2417179311124098,28.408076491987483
8.283284439637573,-0.1631652260340637,0.8693846650624737,17.62684904177433
11.400619758817983,-1.0552566392478582,2.622711223900269,25.126379885310406
8.848724347524453,-0.08010641188582124,2.6295295842218107,19.250631809678154
10.244019629290722,-2.7736175267843235,1.1956842403400076,24.984986812962727
15.12016907653759,-4.773699083295222,2.8953554307625997,36.64346466272653
9.8078802005507,-9.805897435691506,1.3684222708346687,36.38169306724448
12.298546652571352,-5.738187464389846,2.2531652380379814,34.33184711936237
8.593647149748225,-7.529739785948575,2.820344012612456,29.363233686070362
9.930023019006077,1.5128281524934408,1.966387435296287,16.22998798530438
13.54160127127102,-5.52765743729701,2.4547409121411343,38.71812683599941
8.746065884424466,-4.630385579646543,1.4835703561124283,26.212186735818694
13.624897115993857,-3.3455438718785975,1.8035334165719028,31.70332839004258
11.415503870910952,-4.869192660882639,1.7941405691196597,32.67668861124564
8.875066448211465,0.08515312129225894,1.253421653459761,17.003288033752053
11.264815478111043,-6.867948085203356,1.8232258368842178,31.814513850070313
11.94510889925346,-4.416177634288272,0.4513817011362533,29.13049252531963
11.243619924434393,-7.227411757094145,1.5088462528578952,30.238874254191185
6.859550560219088,-8.960067533662118,1.7151245066303291,28.616824533756862
8.545725648350263,-6.835307272715856,1.7438202475046198,24.205268523348998
9.50496272889699,-5.111110391145236,1.7585025541292212,24.747254148219074
9.851133141799908,-6.28790667355178,1.9382358001398712,25.564421015812382
11.241344195101355,-7.077262939621567,2.479441518086064,33.67027586947909
10.355402001866508,-9.218952391015502,2.8745170741325223,35.10094679195228
7.3293112825797975,-5.249316717886084,1.3502347731517328,22.284275647561515
10.760395702011927,-9.514161122093007,0.7967991446108555,33.94591744120547
11.221171490567647,-2.7198321089311923,0.957955587756897,24.465010313985875
11.119580895862079,-4.75268074119649,1.5127970788050729,30.750761754253563
12.161561451109243,-9.372654498394791,1.648078682183491,37.775424391048745
11.667844309097807,-5.92762723114959,1.2300039338025428,33.22884728813305
10.918360158456874,-7.25646921677175,0.7038833357501055,31.162091770547956
9.859668577082706,-4.042476468742459,1.5438791725258119,26.60834109457901
6.678078132968017,-0.9786486619305661,2.1814266201139714,18.085113319498202
10.859236438265171,-10.625517408937235,2.5950294658355646,39.60758943047243
10.415375374326223,-4.654921762557748,1.4425769468916787,27.42107884012361
10.543157674390747,-5.480398386699921,1.587002177856566,30.297411522900198
7.446502848359382,-2.985979770648603,1.0733016911526891,19.212635510977048
7.837886919183475,-4.360410115286933,1.9685608296252235,22.822717629574377
12.106305706665808,-7.255907995216457,1.1515713658091853,34.79072271160205
9.92088969228669,-5.957161806999855,2.5731278132412,29.220790027274735
11.363001394745249,-7.388077570410467,0.21413350806588882,34.296545903674314
10.056636752260923,-1.7719785842042048,1.6403703275475376,21.276635079928514
10.059512278991491,-4.936065053984174,2.3011073391917423,26.181696686736814
11.876567611951995,0.7035720572590218,2.1838345163225044,20.575842385249786
8.967910543565253,-5.181982441443862,4.693033663980497,23.91616263948303
10.192241553881967,-7.125220300731389,2.3498000245679074,29.342688181790432
9.075449422589916,-9.541143177838482,0.9959454031579897,33.08032224649321
9.131007545135368,-10.409419028767836,1.904535752910927,32.661929328312
9.381655753062722,-9.75240782901647,0.22375366653354822,34.486278278072405
10.444267543267426,-4.19862004696555,1.919400250703239,27.83171272969927
9.042502756673045,-3.4738249303101982,1.1669439429992412,19.708817664835053
12.511512251147042,-9.743572106096401,2.9153902755601617,41.822950912550105
8.210785395560992,-2.3148850577716535,1.450459725404465,21.950633586584225
9.626256711677282,-6.449183155050319,1.8832340842047535,27.503533031521762
9.12053788345165,-4.559620964043352,1.3644421585955966,26.330222946336992
12.893955768707466,-0.163338115233727,3.7388513518533313,25.441577641003125
10.39310955302315,-2.3094820524034043,1.6787572338820884,24.9494101083127
12.06368907893727,-5.805591943717497,3.832557043479202,31.456536372584612
7.028879253926056,-7.673576676245862,2.8141517621182666,22.82615614578723
10.534100531738517,-11.455446203987915,2.4820667273353862,38.23035600843358
11.779261591246874,-7.15745995772726,2.3687331473175197,34.757875170730216
10.16456797855085,-5.633390716483083,2.3937972982162514,28.70200183406199
12.130960750130702,-7.961538581453552,0.07232742065439002,33.857866482192925
8.965423099799256,-5.393770901276914,1.7211166058492435,25.738039409006383
12.81869488037116,-4.7694443511236955,2.845157971184322,34.183693183944634
14.5977962472385,-5.6745679454242355,1.9511028165258946,38.20298919732605
9.274322879120682,-6.95000774247038,0.5948101531964249,29.51710247910429
9.108994957198457,-4.494035984099817,1.9475955494225305,24.20309215446493
12.906768954235401,-3.674178051291773,3.704105516255491,34.779472469717426
13.159144291461425,-8.271197232328538,3.2468917155347192,37.34680527296651
8.954279945693463,-0.7672028607611896,1.9379959906339683,20.615883573892336
9.159626365808286,-5.295764396852785,2.9514492770580865,29.512116295933097
9.436430782278986,-4.943451131165457,1.6334929796319482,27.739902340693533
7.3110989779314455,-2.8753567302303287,0.2961284131732811,18.61902312103071
8.162696107031604,-4.300351606209495,1.0755340118704457,22.041985733612623
7.991718466495865,-2.140590098260265,3.5628887685081976,22.335364013027096
8.464404869791743,-4.1386275043945275,1.7260069181706958,20.808603221103137
9.930630225226437,-6.837312123921314,1.756616020624982,28.703964921763053
10.468429465073042,-3.915489424381695,1.7001618037251194,26.52502607685272
13.101000985628154,-8.431178621961985,3.9041365895730067,42.495318396095186
8.003291918522418,-4.674320882670431,3.6259589153620633,24.865388107740895
11.968644796953168,-5.099689971933382,4.218780233448134,30.916367104820356
9.572022311548983,-5.624350571817619,1.8409547895999487,27.51224150693457
9.901072580695134,-5.385612534316792,2.295624488747095,27.340605021296994
11.349638984333208,-10.645547136492917,0.48335745057920887,37.39302792411249
7.754555956875403,-6.6461747232228845,3.4769344261182744,28.479233443534177
10.764819492368101,-4.721465296576656,0.832220448732065,26.118016805693795
10.332904416426112,-4.520430824007799,2.216775563762629,31.329049449461458
10.984902528016299,-8.083025422777874,0.9026974723671559,36.021611812278806
10.578337287815636,-1.2028764774058978,1.411133173261304,25.566052584925906
14.91060027982179,-7.598524544643503,1.1627375689502997,40.64192962324341
8.724520031497368,-2.0916283984197896,1.3921247393241822,20.704238644263455
8.938006089996364,-3.7184169143849455,1.4608772968510215,21.02559711157603
8.753718947150471,-6.938681929531409,1.451731205074923,27.301655335986926
8.88904576167949,0.3259326778285363,2.833333911780307,19.12650237543657
8.725225745386965,-8.580910495269439,0.8951372069374799,33.18248451932213
12.378033062215103,-2.2425374791699957,2.220541427013867,26.571721137684456
12.84100849597971,-1.9982530458710652,3.2179591523055584,28.913772432487153
8.858507412501048,-7.011860627229934,1.4868036354866039,28.378248416027933
8.335288853791543,-0.8226040998070134,1.282081109252398,15.497529785684353
10.942831112772808,-5.750139543796858,1.7694753748197491,32.22441263720363
8.895553911438057,-4.133919112160429,3.1797252083607104,23.497923390139754
11.265863635511021,-4.219034483686338,2.194107630953358,29.127730583483512
10.405846041702599,-5.402926224411644,1.4687857053924014,28.452818387816627
6.968511770005536,-2.5675751805206537,2.48387665118804,16.954872294709116
13.095010402660122,-2.619533838343361,0.8977078501635767,30.37454394692325
13.591755346191043,-10.245595919714543,2.681359510442948,42.92509326795074
8.774422619031228,-1.0869792713655424,2.4086073077017676,19.15818057286397
9.224596880128031,-9.987475964107023,1.692191528861116,32.48114192171425
10.57173078144981,-1.902361386975028,1.1614142015527689,24.984477245393904
10.668913579974049,-1.61988458951725,1.1133190777165427,27.408884304523507
11.31708854534566,-8.272899290645594,2.53481733634591,36.08374569324174
14.0204090775327,-6.232442863863755,3.228980502489062,40.35041303143001
9.6461055450119,-8.317114005457807,1.3626922529712053,29.39624592379495
8.403405510923093,-5.644763090866206,2.458386703551484,26.32699454779848
7.241361543970946,-5.9241028525572235,-0.08702701860206874,21.148032623254974
8.538139920116162,-2.6610184031919806,1.4153822693428004,18.53857227075933
9.933746054252406,-1.069073761641175,1.968941067129098,20.583042256187234
13.589115727035576,-0.8129485676301318,1.0903165830181663,31.108547949248948
8.964777401927657,-6.686504079734906,1.0634936252104041,30.178390668360084
10.447575903277796,-5.627665621233583,1.3322204435311138,30.2223258155741
9.967154207854495,-10.050314576662851,2.292192728326373,32.632036979421315
12.376786546896168,-7.417610199488566,1.8126709815936253,36.0312283847274
15.053864851747242,-2.105445100707627,-0.2382312333249721,33.7978280023619
8.938262454159359,-0.1532515293553054,-0.12070015263506617,18.42126461571835
9.021121114963556,-8.703046615639767,1.3931348221428246,27.82716543306812
12.088321754138144,-6.777392777458683,2.457686586053552,33.299402954240634
11.363782979252623,-5.079217270876781,-0.7475048427252347,29.993984883705416
13.693414651472068,-4.159516523541179,1.5002698238483694,35.1487668544448
11.167856370651927,-7.428810559764939,1.4737521434825789,29.528798581796146
9.28141581842588,-3.727816866607731,3.388337778208448,24.846810319266176
11.181309661384619,-6.421518041212749,1.6149781882871364,32.765487380832404
12.217407161165816,-5.043356812634837,2.3829889847409285,34.41397021373859
11.640964362394728,-3.361147255988901,2.1412571400874634,30.35174191927392
11.014548062214596,-4.980733190567187,-0.1305664798072006,30.62616860395542
12.133349379178307,-6.309157671579706,2.7682072166317373,32.961016417311825
12.338591180891346,-5.328829411777493,2.215396505456288,29.5190411568392
12.764317982075054,-5.265088877616006,2.5082686396745895,33.39264435835369
11.297419775179286,-6.110033089646383,5.926237706436327,35.54102414717616
9.665763839366292,-5.776388188001307,-0.08411293949858845,30.75778513393383
10.293427372866645,-0.20405848848584895,3.7246966497611087,23.431449677985967
12.413017933016715,-3.317241656176284,1.7125524805996444,31.174345740081215
8.366128658025527,-5.886440954087481,2.2873289044030094,27.00739671527511
10.737346617745802,-2.9091367864677933,1.9544877546987578,25.31250724808136
9.213322375345278,-6.00145846926803,1.5757636666019565,27.641440967465947
10.057489645869635,-1.480626087240076,1.4301670717612414,26.10310759578042
12.556903725214598,-3.891073423405718,2.3295087355730093,29.764154194625924
10.382198136039806,-5.321906432012686,0.4828263033283209,32.12166139251684
10.092873096312298,-3.656849222569167,2.7505791675217655,25.852137467750758
7.280287718040162,-9.712628456205497,1.583805595114746,32.255524017113146
11.492507132054442,-8.380302406729417,0.8699306609596422,33.002817053495825
11.29096836228215,-8.581775019197167,1.5499871420041864,37.09140379829061
14.32650944661092,-4.57117071570888,3.257149216862573,35.01337945994869
9.384443530093998,0.1975449984552755,1.464664912983777,16.08143465255184
10.438300655327877,1.6939004385778968,2.3584536182096203,19.48035482307369
10.498767367421511,-3.0858466956777284,1.2690437242845267,28.025961472836908
13.15490655952695,-3.497466575166629,2.7579218499236196,30.69350665959394
9.809408935226095,-10.403173202458216,2.685507738790204,33.03119807485977
10.558043051540679,-6.628021399202066,3.8486088332964115,32.02901132320347
11.215793019433079,-7.363351255724717,1.8244360545007845,33.8490730812491
10.373218246312716,-6.862542794753348,2.6686548047579066,32.937486381291826
9.107132770898943,-5.504431455754369,2.0980675395389445,28.999522130020097
10.388179985796615,-6.416271733091382,3.2958717818630143,31.27069874324422
12.147263499719545,-10.937899431127363,1.2811676123912696,44.796733059436036
7.9469694011778795,-2.7562692316473987,2.7450053128772813,21.300313732760625
10.265939348293752,-8.21822907721942,1.8053027038833183,32.70796011156783
8.599758370121654,-4.282259407666551,1.9358118228915022,20.980514680404927
12.390093257849685,1.2222480092499204,2.091752484448373,23.049021206526668
6.95362619043245,-7.75815377475927,2.2522403964266773,25.547381271109533
8.882156305456823,-12.59086256823899,1.8837709568780419,39.13634734289848
10.754423750129043,-5.858012665640333,2.2147131831705265,31.88524770180345
13.13104805846868,-1.6971210950042868,3.5781180575621843,27.522474933447214
9.868499477854025,0.875042362661782,2.9854496856152184,19.664579090222016
8.889600946613603,-8.688648783357252,2.8691545924968964,33.01598378947026
13.76231413888118,-3.509902330290435,1.5444604739761294,36.308882634166515
7.1039721991675115,-6.3959313703401595,1.1107591717716758,25.910077140204884
5.602388086759836,-5.317845062912407,2.9553005582377527,21.589827243982562
10.880028900106664,2.9330300410511043,2.8760467925297943,18.343498765625938
8.995891551294777,-9.508910985185459,3.472670675750982,34.07357479393994
7.9575343657385735,-4.238781015516279,1.3960193740307705,25.191055868373116
11.416712894598707,-3.5969204847037,1.7704513446396528,26.09438712468556
10.487601427542398,-1.7426410251819586,0.36051583747456584,22.99844048966619
8.871842738526544,-4.706050539587314,1.607528893939127,23.739882457103317
7.439391202658211,-4.075848381487693,2.9965705105794473,22.649832368174046
11.74491465656029,-6.174945702265373,1.5335046207718022,35.67274360405176
11.300402355917322,-4.192619176264678,2.640479795200824,28.487928841349763
9.801648272441234,-6.029576826492232,1.8094968940021887,24.409902117882595
13.693273992095332,-3.1352843304318476,2.3240570282215605,31.962250098255964
7.859830467347695,-6.108831008130902,0.8523086101843327,26.965547493981855
6.948949658150522,-3.8686988182934403,2.085209449633901,21.401770184531134
8.616183860237511,-5.087788441054935,-0.9911359709007233,25.42308208640836
9.908827967289005,-1.6218492476834956,1.8131038418380152,22.234374354905697
10.486678898645383,-5.154181170765459,0.36952675628485987,26.257426107884843
9.51752788428734,-10.319097404620644,3.205994516546816,36.506088873718625
10.704110793028594,-1.214235497858025,2.777407352764511,22.39423341860433
7.496921151619112,-7.717196902587856,2.466670981966081,31.677832418470743
12.88752920814652,-6.96129901594646,3.52100622715938,38.41432322506957
9.835697643214862,-6.786983882130476,1.0510834791751629,29.005899548270083
12.234591663176255,-0.876685720487548,3.747363197915558,25.68565037168124
10.685450692755408,-11.407022641936086,2.9321915642603846,39.17520440446589
10.913506438307568,4.41324560097998,1.763444712781054,15.257174044935983
11.139534560464408,-1.8318295728018446,3.1356201471829444,28.201167075346376
10.89541712003463,-4.330283257612521,0.8937064875883658,28.92720341225264
11.285445519735088,-5.164682001848859,1.1754858384723263,29.207296315968108
12.658305060264862,-4.143337775427029,1.3914102767602996,35.72992123700992
10.39304233940294,-3.436632714861985,1.4710222919359848,26.480957101720097
11.418007515177024,-3.0643532421498287,0.9434423572397472,29.25325695268851
9.820528611425546,-3.3331866019896546,3.2230830670953248,24.391309031074655
12.880234430898945,-4.731257956234254,1.7411455996301684,34.105930731527366
8.64721539588146,-5.592015260921978,2.3525049683568797,27.010425155939345
13.60188086582163,-5.453819850960535,1.4296486335863194,32.03408751396766
9.919684098711313,-5.584724841058043,0.17939669945148284,32.300824689766415
7.138449795763904,-1.5986897093988066,2.270057358391422,19.93724028498854
10.256208829821578,-3.2193298331574143,0.08774502458022315,24.573345284461368
8.637896685050238,-13.82116590399284,1.9313659539145314,36.38241253135239
11.681287097977448,-3.032297670410717,0.6316849611671895,28.79564941752823
8.694752041395219,-4.4157914158436755,3.9872759992308078,25.382769405153986
9.10763313357044,-5.0561262693376925,2.911362722174722,27.384202384926297
6.220918538108938,-6.165555359266658,2.1057537912714803,22.705051044887487
9.095387361501846,-1.6276618400419594,3.2637066776546684,22.623861464974883
5.152241346742087,-2.1574206136314267,1.1536840225342642,16.781330219475205
6.832194353028553,-7.318633003470827,2.543479378670093,26.541588435121664
11.520829312288594,-3.7788431386263945,2.1998104337187137,27.270555464812514
11.571600317301664,-7.914970203623858,2.26402008133367,38.41998766986411
10.85091512356993,-9.138854494366791,3.272353500106768,39.673047165698655
8.066047713741574,-6.880151673769896,2.732492102779802,33.5761840379961
9.904577287716041,-2.4128195828517236,2.2887236628250234,21.86801298207798
9.992794921818863,-2.1406248638717402,0.34511256377170385,23.7858249348774
7.6832706216149145,-3.4607437397081213,1.0399537047205363,16.705445557830195
13.006796603534301,-2.8247126394560085,1.877291066404276,31.92014779893232
11.754724581151343,-3.451465138655125,2.093372374276651,28.21825798623482
9.558071652340672,-6.9244447856688565,0.8697962753260762,33.61064095543236
10.053771677989062,-3.704232365978178,4.411676675578422,25.438164967581752
10.416765615895105,-2.5987714243169533,3.516394055253573,22.40824050890719
5.916530263151419,-2.737126010559277,2.6021183203924836,15.776857556854461
9.505645234958806,-1.4332598855760712,2.0720368612837445,17.831815814232566
8.636031504004404,-2.875088458396809,1.7877910300988482,23.623231913648294
7.996759980210169,-3.9456553773752514,1.0480815399777645,18.096261395963904
9.43779941422809,-1.7895492850507178,2.0774805185188625,22.240082073954234
13.595373053699046,-5.07956377774718,2.2577525401427505,31.33179389634929
11.28168572253402,-7.645623953683153,0.7582394245183757,33.618683593875
8.857642020434406,-5.489200891831292,2.3341764172448976,29.936094615398286
11.145165562712318,-7.2347079344193475,1.8447409511752513,34.417111095277825
